// This is where we register name changes for people in the contest.
// Empty lines and lines beginning with two slashes are ignored.
// Put each member's most recent name on the right.
// Any amount of whitespace can be placed around the '>' characters as desired.

DarkSFK > Bob
StarFox > Fox
Kitsune > August Yifu
zeldalord > ZeldaLord
K-Teclis > Teclis
Happyman > HappyPuppet
King Cool Link > JoshSim > DashSim
PrinceMSC > PrettyBoy > PrinceMSC
BH4 > ShadowTiger
PolygonX8 > DarthExater > PolygonX8 > Exate
Javaiz867 > Jaivaz867 > Jaivaz
Ian > IaN
Shashomaru > Manifesto Empire
tobias_daboi > Tobias Daboi > Rex Zemenheart > Anthus
Hunter P. > Hunter P Brown
Drari > drari
// Not positive whether the one with the underscore was used
Phosphorescent > Phosphorescent_Image > Phosphorescent Image
mighty_darknut > Mighty Darknut > Sharon Daniel
ZC-Ninja > EatinCake > Lemon > Timothy McCorgi > Lemon
XdragonSB > NineLives
dlbrooks34 > Koh
Petoe > Peteo
DragonBoy > /M/
Shiek > Sheik > Sheik91 > Yoshimi > Sheik
Evan the great > Evile
Linkus Mastii > Linkus
Trimaster001 > TriMaster001 > Dawnlight
Majora's Wrath > Majora
Teilyr > Xavier > Teilyr
Link75 > Red Phazon
Taco Chopper > Excelsior > Taco Chopper
Questions > Sacred Nym
russadwan > Russ
zmaster > Zenith
ennonfenom > The Great Ennead > EnnonFenom
blaman > Blaman > SpacemanDan
Pheonix > Feenicks
IceFox > Speak with Bread > Moonwhisper > Prospekt > Scootaloo
xiion > Xiion
TheMasterSwordsman > TMS > sigtau
Molten Onyx > Ornlu > Geoffrey
T. Platinum > Silver
jimmyb > JimmyB > Bourkification
Link R us > Rem > Adem
Lynker > Jared > Guardian > Jared
Gonken > Supindahood
Revfan9 > Giggidy
Darklink813 > Takuya
FefeRawft > Chakaa
General Fondue > andrewmcd1
// Note: not clear whether "HWMM" was actually used on the forum
HWMM > Hot Water Music Man > Lemmy Koopa
Kenster > RockinRollFan64 > KenMeister
Kingboo30 > Deathbringer
Linkman90 > Highsight
Pokemonmaster64 > Moosh
Sir Pimpalot > Mr. Pimpy
Snort > Sephiroth
XxGamasterxX > Cameron
ZeeLiam > William
gray0x > Lithium > Breast Cancer Awareness > Lithium > Alison > Aslion
Beta Link > Bayta
Orin XD > Orithan
demonlink14 > Demonlink
linkmystro100 > LinkMystro > Rafael > ElLibertador
JJ83 > TK8305
cremeens1000 > Keiichi123 > Tree
Jake > Darkspawn > Naldrag > Ska Glampunk > Naldrag
OOTFan > Sepulcher > Xenix
Lord Settra! > Rastael
Twinblake > Obderhode
blackbishop89 > LordVolcanon > Palpaleos > Zecora > Freyja > Freya > Mero
EddyTheOliveira > Eddy
joelmacool12 > Joelmacool12 > Joelmacool
bmc10011 > TheRock
Koishi > Nekoishi > Plutia
Franky > Omega
link3505 > Gashin > Relic > link3505
Migokalle > Galactic President Superstar McAwesomeville > Robin > Migokalle > Robin > Asstwat > Robin > Migokalle > Eddard McHorn Van-Schnuder
HeavyTitanium > Titanium Justice
GrantGreif > MarinaraSauce
jetbox > JetBox
linktopower > Ventus > Benji > Ventus > FireBlazeWolf > Ventus
GenGaming > xanadude
Zaxarone > Zaxaphone > Zaxarone
Billy Ronald > billy ronald > BillPzc > Old Inactive Member
Dekadx2 > Daiv > Fausch > Jaghnus > fausch > SpikeReynolds
Bombos > Ecruteak > Castelia
Lineas > Binx
Twilight_Knight > Twilight Knight
// "Samson" was used to enter #702 but wasn't an official name change.
NewJourneysFire > Samson > NewJourneysFire
DaviAwesome > David
Nick > Kite
Avataro > Avaro
green-kirby > Lunaria > Mani Kanina
Hookshot > Yoshot > Haritiro
Fireblast124 > Forgotten Third Eye > SubconsciousEye
a30502355 > Tabletpillow
codelinker8705 > codelinker > Breadguy
crazyal02 > crazya02 > alek
fuzzyman > Fuzzyman > Fuzzy
Hatsunem64 > LunarRedMage > Nokutaa-chan > LunarRedMage > LunarWeeb > Luspeon
Ganondorf > Quanta
Old-Skool > King Aquamentus > Old-Skool
legend27 > /phoneme/
rocksfan13 > Link > Rocksfan13
// "Astromeow" is a different account, but the same person
Lord Ike > Furion > Marco > Astromeow
Hero Link > Angeal > Pinkie Pie > Rydia > Angeal > Rydia > Lana > Linkle > Neptune > Rydia > Neppy
Ovasity > Smiles the Death Bringer
SerpitaX > BitZero
skipper > Skipper
Sylph > Dream Illusionist
coolgamer012345 > Coolgamer012345 > TheBlueTophat > TheBlueTopay'za > Midnight_King_II > TheBlueTophat > coolgamer012345
Ebola Zaire > Mitchfork
Zagut > Zephvan
FanofSMBX > P-Tux7
ANC > Blackpaintbowser
shuji > Aroten
BigJoe > Big Wig Big Joe > BigJoe > No one > BigJoe > IronCreator > BigJoe > Deft War > BigJoe > Adamantium > BigJoe
GreatJK > Aefre
newbydude > Ironfist > Hubydweyer > Huge Bedwetter > Professor Bedwetter
Deathrider365 > Deathrider
Elvis002 > ELV002 > ElVis002 > Elixie002 > Eli > ElVis002 > PixElvis
Bagelmaster1 > Spamcakes > Phosphor
The Bagel Meister > Bagel Meister
sonicfan350 > Zephyr_Eevee > Goriya > Nexas > Eins > Einsiety > Haylee
Nolornbon > Inocudom > )-( Marchland Malady )-(
RedTribeLink > Joaish (RedTribeLink)
Nuvo > Strato > Nuvo > Colin > Cobgoblin
Maikeru D. Shinigami > Shoshon the Elegant > Architect Abdiel > Shoshon the Elegant

// Tagged members: refer to these tags in data.txt when a member's username has been used by a different person
//   Shared "Ben"
91: UpbeatPenguin > UBP > 744 > Quicksilver > SilverDragon > Noir > Ame > Bengal > Bagel > Ben
958: benmw02190 > Ben > Ramblin' Evil Mushroom > Rambly > Truckroid > Rambly
//   Shared "Matthew"
3571: pikaguy900 > Matthew > Nimono
294314: FlameCursed > Chungus > FlameCursed > Matthew > Midnight_Queen > Matthew
//   Shared "Yoshi"
1245: Yoshi > Tails > Pikachu > Fluttershy
29458: Midnight_King > Shane > Charizard > Shane > Polaris > Shane > Midnight King > Shane > Yoshi > Shane
48320: Yoshidude > Dragonite > Tingle > Jacques > Duck > Homura > Can Dogs Eat Kiwi? > Yoshi > Eddy finish AR3 > Yoshi > Buddy > Jenny
// The below also shared "Midnight_King" with 29458 for April Fools' 2018
294248: arceusplayer11 > Arceus > Dimentio > Midnight_King > Dimentio > Dimi > Deedee

// Banned members whose profiles may be harder to find
// (No functional purpose; listed here for my own reference. A–D may not be complete.)
// aaa2
// anikom15
// August Yifu
// Chris Miller
// Cukeman
// Demimore
// EnnonFenom
// Giggidy
// Jaivaz
// Majora
// Mero
// Sharon Daniel

// Guests and others I couldn't find information on
// (No functional purpose; listed here for my own reference.)
// KingdomChamp225
// mjctraider
// noleafxclover
// Zeldafreak (real name is apparently Shane, but it's unlikely to be the be the same Shane as Yoshi because of timing differences)

// NOTES
// XdragonSB and XMSB are different people
// Alucard and Alucard648 are different people
